TAZ,Poly,Area,Weight,GenEdge,PedEdge
-2081,-177585,56,0.0006042948095392252,--179228#5,--179228#5
-2081,-177524,105,0.0011330527678860473,--178213,--178213
-2081,-178026,491,0.005298370562209992,-178761#0,-178761#0
-2081,-180587,155,0.0016726017049746413,-179013#2,-179013#2
-2081,-180931,309,0.0033344124312075104,--180894#1,--180894#1
-2081,-181060,937,0.01011114708104025,-180310#1,-180310#1
-2081,-177514,356,0.003841588432070789,--179374,--179374
-2081,-179141,277,0.0029891011114708105,-181340#2,-181340#2
-2081,-178432,318,0.0034315312398834575,-180919#1,-180919#1
-2081,-179468,160,0.0017265565986835005,--178213,--178213
-2081,-179099,426,0.00459695694399482,--181405#2,--181405#2
-2081,-179067,1217,0.013132621128736376,-181340#0,-180465#0
-2081,-177442,289,0.003118592856372073,--179019,--179019
-2081,-178354,2725,0.02940541707132837,--180468#0,--180468#0
-2081,-177470,221,0.0023848063019315854,-179247#11,-179247#11
-2081,-177307,594,0.006409841372612496,-179743#1,-179743#1
-2081,-179473,967,0.010434876443293406,-178542#1,-178542#1
-2081,-178114,28,0.0003021474047696126,--181109,--181109
-2081,-177804,345,0.003722887665911298,--178651,--178651
-2081,-180254,1399,0.015096579259738858,--181472#1,--181472#1
-2081,-179899,281,0.003032265026437898,--178310#1,-178563#1
-2081,-177339,234,0.0025250890255746196,-180894#1,-180894#1
-2081,-179598,725,0.007823459587784612,--177424,--177424
-2081,-177929,31,0.00033452034099492825,--179228#0,--179228#0
-2081,-180278,9617,0.10377684255962016,-179559#4,-179559#4
-2081,-179237,58,0.000625876767022769,--180780#4,--180780#4
-2081,-180637,454,0.004899104348764433,-179504,-179504
-2081,-179211,352,0.0037984245171037013,-181044,-181044
-2081,-181563,330,0.00356102298478472,-179522#0,-178218
-2081,-179270,585,0.006312722563936549,--177491#0,--177491#0
-2081,-178299,927,0.010003237293622532,--178450#2,--178450#2
-2081,-181046,793,0.008557246142225099,-181156#1,-178287#1
-2081,-179326,291,0.0031401748138556165,--181143#2,--181143#2
-2081,-180350,1433,0.015463472536959103,--179021#0,--179021#0
-2081,-181364,284,0.0030646379626632137,-179356,-179356
-2081,-178918,448,0.004834358476313801,--180645#2,--180645#2
-2081,-177449,234,0.0025250890255746196,--177780#1,--177780#1
-2081,-180874,1150,0.012409625553037661,-179228#2,-177766
-2081,-177330,290,0.0031293838351138447,-178600#0,-178600#0
-2081,-178030,248,0.002676162727959426,--178760#3,--178760#3
-2081,-178342,195,0.0021042408546455165,--178374,--178374
-2081,-180374,264,0.002848818387827776,-180919#3,-180919#3
-2081,-180681,168,0.0018128844286176757,-181143#3,-181143#3
-2081,-178514,275,0.0029675191539872666,-179009,-179009
-2081,-180956,731,0.007888205460235243,-179071#9,-179071#9
-2081,-180306,282,0.0030430560051796698,-178009#12,-178009#12
-2081,-179840,44,0.00047480306463796267,--177603#0,--177603#0
-2081,-177538,267,0.0028811913240530916,--177491#1,--177491#1
-2081,-178905,544,0.005870292435523902,-178225#1,--180378
-2081,-178949,60,0.0006474587245063128,--181392,--181392
-2081,-179368,244,0.0026329988129923385,-180894#1,-180894#1
-2081,-180162,271,0.002924355239020179,--177441#1,--177441#1
-2081,-180657,260,0.0028056544728606884,--181206#1,--181206#1
-2081,-180712,1980,0.02136613790870832,-179852#0,-179852#0
-2081,-181018,747,0.008060861120103593,-181215#1,-181215#1
-2081,-181220,78,0.0008416963418582065,-179522#3,-179522#3
-2081,-181465,293,0.0031617567713391605,--178362#1,--178362#1
-2081,-181318,734,0.007920578396460558,-181642#1,-181642#1
-2081,-180444,261,0.00281644545160246,-179013#1,-179013#1
-2081,-181229,605,0.006528542138771987,--180919#0,--180919#0
-2081,-178865,478,0.005158087838566958,-177982#3,-177982#3
-2081,-177447,40,0.00043163914967087513,--180738,--180738
-2081,-181473,741,0.007996115247652962,-180719#0,-180719#0
-2081,-178463,323,0.0034854861335923168,-178402#10,-180817
-2081,-179223,292,0.0031509657925973887,-179678#1,-179678#1
-2081,-178738,97,0.0010467249379518722,-179013#1,-179013#1
-2081,-177894,420,0.004532211071544189,--179374,--179374
-2081,-178125,315,0.003399158303658142,-179959#0,-179959#0
-2081,-181010,313,0.003377576346174598,-180422#0,-180422#0
-2081,-180131,176,0.0018992122585518507,-181143#4,-181143#4
-2081,-179171,359,0.0038739613682961045,-179231#0,-179231#0
-2081,-179364,117,0.0012625445127873098,--180925#0,--180925#0
-2081,-178911,311,0.0033559943886910543,--179438#0,--179438#0
-2081,-179281,264,0.002848818387827776,-181263#1,-181263#1
-2081,-180737,356,0.003841588432070789,--179236#12,--179236#12
-2081,-179332,882,0.009517643250242796,--178310#6,--178310#6
-2081,-180290,423,0.004564584007769505,-180757#0,-180757#0
-2081,-181322,499,0.005384698392144167,-180550#1,-180550#1
-2081,-181584,262,0.0028272364303442324,--180123,--180123
-2081,-179392,164,0.001769720513650588,--179261#1,-181409
-2081,-180226,577,0.006226394734002374,-178225#0,-180378
-2081,-179496,633,0.006830689543541599,-179874,-179874
-2081,-181466,666,0.007186791842020071,--178087,--178087
-2081,-179095,873,0.00942052444156685,--179519#2,--179519#2
-2081,-181086,438,0.004726448688896083,-178208#0,-178208#0
-2081,-178329,273,0.002945937196503723,--181043#1,--181043#1
-2081,-181507,45,0.00048559404337973454,-177982#0,-177982#0
-2081,-181279,1614,0.01741663968921981,-179261#1,-180465#1
-2081,-178773,324,0.0034962771123340885,--178450#9,--178450#9
-2081,-177792,254,0.0027409086004100574,-181043#0,-181043#0
-2081,-179753,502,0.005417071328369483,-181340#0,--180465#0
-2081,-178370,147,0.001586273875040466,-181154#2,-181419
-2081,-178440,806,0.008697528865868134,-178144#0,-178144#0
-2081,-179235,1432,0.015452681558217331,-179852#0,-179852#0
-2081,-179749,272,0.002935146217761951,-179312,-179312
-2081,-177682,339,0.0036581417934606667,-177829,-177829
-2081,-180568,145,0.0015646919175569224,-178374,-178374
-2081,-179626,64,0.0006906226394734002,-180567#3,-180567#3
-2081,-180783,113,0.0012193805978202223,--180859#0,--180859#0
-2081,-177859,335,0.0036149778784935792,-178161#0,-178161#0
-2081,-181626,100,0.0010790978741771879,--178888#1,--181430
-2081,-179047,77,0.0008309053631164347,-179056,-179056
-2081,-179249,78,0.0008416963418582065,-179522#3,-179522#3
-2081,-180685,283,0.0030538469839214415,--179504,--179504
-2081,-178670,64,0.0006906226394734002,--180623#0,--180623#0
-2081,-179361,50,0.0005395489370885939,--181421#4,--181421#4
-2081,-180297,3975,0.04289414049854322,--181340#1,-178062
-2081,-177528,304,0.003280457537498651,-181072,-181072
-2081,-180702,211,0.0022768965145138664,-179013#2,-179013#2
-2081,-177901,390,0.004208481709291033,-181273#1,-181273#1
-2081,-180551,720,0.007769504694075753,--180844,--180844
-2081,-179194,832,0.008978094313154203,-180757#0,-180757#0
-2081,-179886,674,0.007273119671954246,-178419,-178419
-2081,-178042,1028,0.01109312614654149,-178009#2,-178009#2
-2081,-181644,430,0.004640120858961908,-177669,-177669
-2081,-180709,73,0.0007877414481493472,-180971#0,-180971#0
-2081,-177353,332,0.003582604942268264,--178450#9,--178450#9
-2081,-177390,1551,0.016736808028488183,-179852#2,-179852#2
-2081,-180279,518,0.005589726988237833,-178085,-178085
-2081,-178324,354,0.003820006474587245,-179374,-179374
-2081,-178470,1714,0.018495737563397,-181472#1,-181472#1
-2081,-177655,6635,0.07159814395165641,-179312,-179312
-2081,-179660,93,0.0010035610229847847,-179247#3,-179247#3
-2081,-177641,35,0.0003776842559620158,-179228#3,-179228#3
-2081,-179389,474,0.005114923923599871,--179828#1,--179828#1
-2081,-179903,292,0.0031509657925973887,-179021#0,-179021#0
-2081,-181294,1216,0.013121830149994605,--179175#2,--179175#2
-2081,-180103,795,0.008578828099708644,--181044,--181044
-2081,-179008,715,0.007715549800366893,--179991,--179991
-2081,-180634,900,0.009711880867594691,--179071#1,--179071#1
-2081,-181693,346,0.00373367864465307,--180310#0,--180310#0
-2081,-178101,745,0.00803927916262005,-180467#2,-180467#2
-2081,-179415,511,0.00551419013704543,-179312,-179312
-2081,-180342,475,0.005125714902341642,-179021#0,-179021#0
-2081,-177537,392,0.004230063666774577,--178648,--178648
-2081,-178165,913,0.009852163591237726,-178161#3,-178161#3
-2081,-181068,356,0.003841588432070789,--181212#2,--181212#2
-2081,-179689,285,0.0030754289414049855,--177819,--177819
-2081,-177409,686,0.007402611416855509,-180467#1,-180467#1
-2081,-177889,589,0.006355886478903636,--180310#1,--180310#1
-2081,-179451,406,0.004381137369159383,--179236#12,--179236#12
-2081,-179826,968,0.010445667422035178,-179807#1,-179807#1
-2081,-177570,488,0.005265997625984677,-181508,-181508
-2081,-178454,265,0.0028596093665695477,--177620#0,--177620#0
-2081,-178422,799,0.008621992014675731,--180719#0,--180719#0
-2081,-179053,284,0.0030646379626632137,--180042,--180042
-2081,-178741,339,0.0036581417934606667,--178611#0,--178611#0
-2081,-180237,381,0.0041113629006150855,-179236#12,-179236#12
-2081,-181038,233,0.002514298046832848,-181143#1,-181143#1
-2081,-180866,733,0.007909787417718786,--178931#0,--178931#0
-2081,-177366,1159,0.012506744361713607,-180869#2,-180869#2
-2081,-177381,30,0.0003237293622531564,-179228#5,-179228#5
-2081,-179536,715,0.007715549800366893,--179301,--179301
-2081,-179080,273,0.002945937196503723,-178087,-178087
-2081,-181288,259,0.0027948634941189167,-179356,-179356
